X,Y,id,
-1526949.87124232,-533425.027246831,1
-1527199.54790466,-531050.090030705,1
-1526700.03088111,-530550.100792273,1
-1526700.2184396,-529799.764528709,1
-1527700.32765836,-526800.446708677,1
-1527449.50402234,-525549.941717743,1
-1527699.56450712,-523800.214561558,1
-1526949.86244726,-522549.920796885,1
-1526575.01644391,-519924.988911412,1
-1527450.08035116,-517799.991773826,1
-1528574.87350167,-516549.720968115,1
-1528199.77404956,-514800.098924414,1
-1528228.68668371,-513089.031203382,1
-1528824.61071812,-511424.831126243,1
-1528575.12914674,-509424.718648852,1
-1528200.08968496,-508924.894681883,1
-1528574.84509032,-507675.283643045,1
-1530825.32557972,-503925.029115659,1
-1531325.16424,-502050.007279489,1
-1531700.09472804,-502050.053010993,1
-1531949.68924155,-502299.94386191,1
-1532324.63934961,-502299.954835994,1
-1532825.00057412,-501174.961218068,1
-1533324.86970801,-501050.037201781,1
-1533824.50276635,-502175.099536851,1
-1534574.66573601,-501924.822735787,1
-1534949.731566,-499174.721294331,1
-1535949.55855823,-498299.719627638,1
-1535539.99872046,-499279.861013013,1
-1535989.52303407,-500179.672977034,1
-1536439.93392895,-500630.035999507,1
-1537339.66322588,-501079.905093103,1
-1537790.06121549,-500630.113931398,1
-1537789.71923594,-499729.707757009,1
-1538689.33459433,-498829.892077327,1
-1538690.00424775,-502429.989252919,1
-1539589.70503926,-503330.029384121,1
-1541839.81192199,-503330.362081994,1
-1542289.78211824,-502880.098472106,1
-1543190.10859929,-502879.959485642,1
-1545889.73516488,-501000.148179264,1
-1546339.67316274,-501079.797249988,1
-1547412.64430312,-501850.394063448,1
-1549441.77427829,-499011.440059107,1
-1551289.87710673,-497030.042220749,1
-1552189.65575379,-497930.093641003,1
-1553089.72505547,-497929.628354125,1
-1553539.7633892,-498380.537223622,1
-1548139.55155794,-504230.149346146,1
-1548140.07254925,-504680.004313743,1
-1548589.76765453,-505130.019255763,1
-1549039.88676533,-505130.33329006,1
-1549489.74889151,-504679.951027952,1
-1550390.05160739,-504680.003740255,1
-1551739.76640488,-503779.652098104,1
-1552189.70609837,-503779.966370161,1
-1553539.94700675,-502879.97835994,1
-1553989.8020593,-502880.205308535,1
-1554890.01379349,-501980.112692517,1
-1555789.6736909,-501980.051904964,1
-1556690.32639749,-500629.733112908,1
-1557589.67406855,-500629.703027439,1
-1558040.15082638,-501529.962673769,1
-1558489.87032225,-501529.984111853,1
-1559389.69832939,-501979.962279978,1
-1559839.46608645,-501979.877561755,1
-1560289.8102199,-503330.184785484,1
-1560290.01210678,-505130.159275507,1
-1559839.52016232,-505580.098811192,1
-1558939.44478513,-509179.89412946,1
-1557590.07514869,-511880.111728594,1
-1557590.17018867,-513680.139950279,1
-1558489.99324827,-512780.205292924,1
-1559389.77013809,-513680.168832572,1
-1559839.47895639,-514579.930693887,1
-1560289.40689199,-514580.000744703,1
-1560740.08330309,-513230.346670857,1
-1562990.05662479,-510530.081396748,1
-1563889.84511651,-508279.978079002,1
-1565239.7215412,-506929.701581416,1
-1565689.45319265,-506029.76117084,1
-1565689.65389077,-502430.025913757,1
-1566589.88634528,-502429.93880016,1
-1567489.86029772,-503330.036380284,1
-1567939.63516309,-503329.830095192,1
-1568839.6948854,-503780.068033933,1
-1569739.65834965,-504679.698292517,1
-1570190.32206826,-504679.716179859,1
-1570639.76611691,-505129.702601731,1
-1571089.52646167,-505129.846097006,1
-1571989.61678448,-505579.99305521,1
-1571989.76414834,-506929.734797173,1
-1572439.72130548,-506929.67273027,1
-1573339.40909544,-506930.174876812,1
-1577389.55949249,-503329.980764714,1
-1577839.88544603,-501529.815355638,1
-1578289.84266985,-501079.604330601,1
-1578739.53681752,-501529.705801702,1
-1579189.652008,-501530.094907305,1
-1580089.67650276,-501979.92504305,1
-1580990.14899256,-501980.008864807,1
-1582339.55241992,-498830.05879156,1
-1584590.02180703,-495230.074182969,1
-1584590.25634905,-494329.792156163,1
-1585939.91219784,-492529.862305364,1
-1586389.99386696,-490730.309612305,1
-1587290.33499256,-489829.832616875,1
-1588189.51989498,-488029.989749715,1
-1590439.40514173,-487129.951271121,1
-1593589.98481461,-487129.997541,1
-1594039.49291019,-486680.269059736,1
-1594939.65496117,-486680.216518727,1
-1595389.9973566,-486229.71517902,1
-1595839.44565359,-486230.142200287,1
-1597189.67499595,-484429.730166829,1
-1598090.00720407,-483979.744265283,1
-1599439.82534793,-482629.884461009,1
-1599889.91115116,-482629.958152679,1
-1600339.90079295,-482180.352425861,1
-1601240.13080585,-482179.956692574,1
-1601689.89062592,-481730.185391455,1
-1602589.93540549,-481730.034313457,1
-1603039.59371114,-481279.671585072,1
-1604389.40300154,-481279.716414332,1
-1604839.52052135,-480829.687065579,1
-1605290.17237359,-480830.068352039,1
-1606189.78987222,-480380.377471998,1
-1606189.45117345,-479480.070900174,1
-1606639.64244204,-479030.151664419,1
-1606189.74988358,-478129.90448559,1
-1604839.41490131,-476779.87551688,1
-1603489.60274054,-474529.833511333,1
-1602590.13858265,-474080.307142183,1
-1601239.51984226,-474079.620285947,1
-1600340.21345183,-473629.799934047,1
-1597189.87358689,-473630.217744963,1
-1595390.01447204,-472729.954637196,1
-1594489.56645296,-472729.683660866,1
-1593589.54665114,-472280.019845744,1
-1592689.89330299,-472280.105387554,1
-1592239.38706986,-471830.065215055,1
-1591339.81977254,-471829.973779938,1
-1590439.61874146,-470930.001219557,1
-1589539.77218035,-470479.848456581,1
-1589089.95464594,-470030.056795468,1
-1586840.07948865,-470030.115169173,1
-1586389.5431613,-468229.898525221,1
-1585939.54889997,-468229.779747054,1
-1585039.66397195,-467779.621008081,1
-1583689.47509121,-467780.069889187,1
-1582789.62072612,-467330.046556989,1
-1581889.61982083,-467329.97200756,1
-1581439.94288705,-466429.752754277,1
-1573339.67614595,-466430.051632575,1
-1572440.06317376,-463280.119855265,1
-1572889.39389721,-462380.187988887,1
-1573789.8453292,-462379.893537079,1
-1574689.76820634,-461480.101489718,1
-1575590.06197287,-461479.681656111,1
-1576039.61268924,-461029.896564748,1
-1577839.65472488,-461030.089915522,1
-1578289.80626599,-460580.010794268,1
-1581890.28601983,-460579.888896747,1
-1583689.60153818,-459229.925110667,1
-1584590.07731068,-459229.827300621,1
-1585939.48187913,-458330.083352777,1
-1586390.32507488,-458779.913305011,1
-1586390.00528061,-459229.887522996,1
-1585490.13488389,-460130.156462921,1
-1585039.55429127,-461930.034214073,1
-1585939.58755472,-461929.776003497,1
-1586839.56940245,-461480.01868228,1
-1587289.97031702,-461479.882771941,1
-1587740.14771431,-461030.256871562,1
-1588189.63806662,-461030.070471655,1
-1589989.56542006,-459679.480389917,1
-1590439.55042093,-459680.150296414,1
-1592239.82386619,-458330.134642356,1
-1592689.86149509,-458330.158044318,1
-1594039.96448757,-456979.776573917,1
-1594939.76570417,-456979.869588296,1
-1595840.0496529,-456080.043914725,1
-1595840.100415,-455180.078767693,1
-1597190.09085942,-452929.77467029,1
-1597189.45191527,-451579.695780586,1
-1598539.78929396,-448879.504918024,1
-1599889.79342251,-447079.594435742,1
-1600789.63982756,-445730.196185044,1
-1601690.1458431,-443479.734095501,1
-1603040.27544463,-439429.857591495,1
-1604389.65994679,-436729.824097743,1
-1604389.69555443,-435829.990105848,1
-1603939.68219873,-435379.808308615,1
-1603940.017646,-434479.739001426,1
-1603489.76824213,-434029.59827273,1
-1603490.09031665,-433579.644425615,1
-1598990.19368692,-429079.865733659,1
-1597189.41348679,-428874.416942373,1
-1596523.96447569,-428611.403930086,1
-1593262.92192799,-426544.323624747,1
-1592239.99989195,-425929.597504939,1
-1590181.16839137,-424475.241605003,1
-1589582.72853566,-423981.952213817,1
-1589089.52077832,-423679.531691484,1
-1586839.73023304,-421429.79288289,1
-1585939.88726299,-420979.666707933,1
-1584139.61960368,-419179.759627171,1
-1582340.30515781,-413779.889313675,1
-1580989.62436926,-411529.842213341,1
-1580089.55123135,-409279.654477178,1
-1579190.05490822,-408379.844498765,1
-1578739.94366521,-406579.982776859,1
-1578289.4628132,-406129.627221824,1
-1575610.30066226,-398989.76295798,1
-1575194.76717385,-398262.091560322,1
-1574425.09849804,-397194.594450852,1
-1573985.8182687,-396817.607710465,1
-1573312.10099709,-395625.416924945,1
-1573393.49610845,-394973.001256237,1
-1573624.74222128,-394497.841448873,1
-1574305.04291056,-393886.430459051,1
-1574929.24884858,-393529.438375037,1
-1575005.37348063,-393050.719202727,1
-1574273.57541847,-391844.8034179,1
-1573665.42573892,-391312.707310366,1
-1572882.68443743,-390623.503807409,1
-1572862.03565982,-389923.137666673,1
-1573323.1632665,-389477.113157139,1
-1573947.03229968,-389165.376917243,1
-1574414.82891935,-388905.323135995,1
-1574882.29141209,-388125.556106637,1
-1574830.47179732,-387553.845069168,1
-1574830.57405419,-386981.902528989,1
-1574726.69366831,-386670.224869639,1
-1575298.08867895,-386254.102597902,1
-1575558.392898,-385942.29553632,1
-1575558.40631142,-385318.560607245,1
-1575714.3439275,-384850.846405131,1
-1576285.95599071,-384174.954141029,1
-1577689.59632777,-383395.304974062,1
-1578365.19338849,-382615.634730097,1
-1579041.13437104,-381835.943257441,1
-1580184.77600001,-381472.014749664,1
-1580733.86343623,-382071.267926832,1
-1580699.88272373,-380924.618876907,1
-1581699.99595512,-379800.290609705,1
-1582075.16863276,-379800.362489894,1
-1583324.97416128,-378050.446847029,1
-1584449.67223578,-377674.995556972,1
-1584575.36093621,-376550.070452853,1
-1585574.95803761,-375175.737778229,1
-1585950.04569359,-373924.925302355,1
-1585200.28228802,-371425.384081026,1
-1586699.51439546,-368425.209343026,1
-1585450.1253027,-365549.71969067,1
-1587075.08741954,-363549.928305104,1
-1587074.70348295,-362425.453403716,1
-1587950.05077693,-361425.069542315,1
-1587200.09353049,-361674.986024348,1
-1587450.41351519,-361049.896322596,1
-1586450.2794779,-359175.135623513,1
-1585951.32042056,-356424.782896972,1
-1585574.40131113,-356049.977053652,1
-1585200.33362989,-354424.858187656,1
-1586449.0401336,-352299.529573221,1
-1588074.77691701,-350674.690739266,1
-1589075.07361336,-348925.475387622,1
-1588824.65345729,-348549.386189995,1
-1588450.22183018,-348549.716173962,1
-1588200.16589013,-348800.755889153,1
-1587449.86867203,-348799.946263788,1
-1587323.98283021,-348174.982358208,1
-1586575.36623073,-348174.637136824,1
-1586575.14086433,-347550.179786419,1
-1586699.38205757,-347049.566239584,1
-1587950.00119618,-345799.936914353,1
-1588199.69595476,-343800.132930755,1
-1588699.75314586,-343050.09290698,1
-1588575.21985194,-339675.397473855,1
-1590075.26406914,-338049.976329367,1
-1590950.03984644,-337674.465032063,1
-1591824.74833286,-334675.166838211,1
-1592574.68744365,-334174.779340481,1
-1592240.05684873,-332780.196875646,1
-1592240.19525545,-330079.743104692,1
-1592689.62924866,-329629.698294892,1
-1593589.52315796,-329630.065924375,1
-1594039.67450326,-329179.602062421,1
-1594910.69326361,-330224.416512449,1
-1596171.59089982,-330339.329691346,1
-1595807.86149327,-331302.440039614,1
-1596487.60726931,-332120.459650239,1
-1599101.41762823,-330517.337715595,1
-1601925.1519339,-328273.151648186,1
-1602924.48207648,-328419.893537179,1
-1604395.23300257,-327646.150256492,1
-1610153.61099251,-327128.529305416,1
-1616967.28898907,-326160.632617199,1
-1624164.05199209,-326627.307911865,1
-1626561.93500225,-326393.561136583,1
-1628654.71401019,-326031.90983928,1
-1632580.47967985,-324290.360259634,1
-1631702.17516475,-321721.920968954,1
-1638252.86507864,-323160.762243775,1
-1637879.58094311,-328275.534965508,1
-1635802.98997364,-330566.70156006,1
-1636340.2228989,-331429.815978261,1
-1636332.94255311,-333088.469150053,1
-1636763.76107141,-333708.364128377,1
-1639070.53008285,-333736.368413237,1
-1640315.50976478,-332035.164597523,1
-1641370.07903354,-332225.793857417,1
-1642022.17880461,-333554.559524676,1
-1642657.21258092,-334395.232751348,1
-1642571.23412039,-336459.059167955,1
-1642379.83323891,-337234.895087416,1
-1642888.84445939,-338908.761804584,1
-1643927.99798286,-339122.557492774,1
-1644575.21598075,-340800.252026199,1
-1644949.89260057,-341049.68892841,1
-1645944.93264597,-342120.957755209,1
-1646140.37782073,-343093.542722296,1
-1645980.39487788,-343703.195683197,1
-1647787.7320099,-344823.023673073,1
-1647157.09297871,-348577.502814718,1
-1646132.33426747,-351059.074209824,1
-1646725.97962322,-351118.507769345,1
-1646844.44070894,-350821.668334623,1
-1647141.49247286,-350049.754960921,1
-1647616.4186149,-349693.483243976,1
-1648091.51958871,-349693.639558613,1
-1649696.56128833,-351906.693734903,1
-1650372.30955852,-353226.775645404,1
-1650371.00416628,-354126.599379946,1
-1650530.08491762,-354635.277396905,1
-1651070.26118224,-355538.755559868,1
-1653240.12934689,-358181.451267767,1
-1653146.04359165,-359227.789694,1
-1653299.50454277,-360414.953246463,1
-1654265.51211252,-361448.931191944,1
-1654503.19545047,-362576.899540397,1
-1654978.64286263,-361864.742394422,1
-1655215.46583297,-361330.204369472,1
-1655749.95098855,-360736.441088964,1
-1656224.74581313,-360439.567391799,1
-1656700.35175296,-360261.661866611,1
-1657709.46129237,-359964.687408679,1
-1658184.32899404,-359964.683788511,1
-1658540.19328493,-360083.331054036,1
-1658659.63296274,-360439.767440855,1
-1658540.72987339,-360796.016904619,1
-1659434.53942242,-360580.092096662,1
-1662810.5912551,-358087.801787741,1
-1664057.86410624,-357422.503235012,1
-1664755.65328182,-356937.318983288,1
-1665348.00534295,-356628.519138571,1
-1665547.33155462,-354918.245680388,1
-1666347.19341793,-354198.024124279,1
-1667824.75500706,-352799.989281199,1
-1668302.0148117,-352499.882319225,1
-1668642.42163445,-352401.477614106,1
-1669092.57640821,-352401.823426911,1
-1669992.86914633,-351952.704463193,1
-1671343.2473161,-351953.733731026,1
-1672243.30819931,-351504.279895934,1
-1673143.38691441,-351505.5098646,1
-1673552.81693567,-351915.325991436,1
-1674043.04256907,-351956.135956971,1
-1675579.54324778,-352661.974330074,1
-1675876.86097562,-352068.356881342,1
-1675698.41715209,-351533.951826935,1
-1675282.77080183,-350702.723416515,1
-1675461.45812701,-349753.075768583,1
-1675401.85078675,-349456.142552796,1
-1674808.52968324,-349159.249724553,1
-1674748.82121466,-348862.453643699,1
-1675342.24292418,-348446.784900963,1
-1675639.40850471,-348567.81118847,1
-1675698.29275078,-348981.079208154,1
-1675817.69875103,-349396.881598741,1
-1677075.36187841,-348811.321270114,1
-1678147.0147134,-349210.989653709,1
-1679200.55095251,-348925.255100771,1
-1679825.20997377,-348174.986543155,1
-1679825.353987,-347174.779738372,1
-1680200.25062758,-347049.771095553,1
-1680324.84178289,-346425.12965933,1
-1680948.75350113,-346299.886267114,1
-1681324.59719853,-346424.926117383,1
-1681949.70290264,-345925.260976072,1
-1681949.81486766,-345425.754123334,1
-1682888.62833352,-344633.769365509,1
-1683058.48922015,-342619.347948677,1
-1684242.60697674,-341481.119298365,1
-1686494.1657233,-340581.785274744,1
-1687484.1768074,-339877.228634394,1
-1688384.87332055,-339427.975797625,1
-1689285.30078219,-339429.261325285,1
-1690475.85973704,-339552.901707007,1
-1692345.67376601,-340137.950459948,1
-1693695.73136116,-340138.996807391,1
-1694145.11068372,-340589.738690508,1
-1695309.44533464,-340803.747428407,1
-1696368.40861661,-341855.301189525,1
-1697743.62107824,-341945.457763516,1
-1698497.73828227,-343457.29495355,1
-1698873.07042686,-343582.16952494,1
-1701791.01423018,-344201.152136307,1
-1703785.01317393,-346803.175822282,1
-1705164.69247913,-347592.05764269,1
-1706819.17280259,-348876.117116888,1
-1708075.18367479,-349049.780091522,1
-1708575.19698478,-349049.571443225,1
-1709199.8812851,-349675.112594897,1
-1709574.91028828,-349674.994639196,1
-1710074.83955438,-349299.955479264,1
-1710450.14413425,-349425.01710036,1
-1710825.19222087,-349424.744851615,1
-1711075.33278167,-349174.887475338,1
-1711950.10351269,-349175.788523323,1
-1712325.07204131,-349425.168560038,1
-1712699.69853289,-349300.173159919,1
-1713075.33511881,-349799.727830191,1
-1713074.58613429,-351425.2036519,1
-1713699.89322886,-352549.485256227,1
-1713699.49569731,-353175.471338208,1
-1712575.44009812,-356424.61743343,1
-1711700.29839767,-357675.223507515,1
-1711825.00981208,-359049.891546888,1
-1711200.19901345,-360175.05510676,1
-1712076.34336163,-361174.71949604,1
-1712075.01033822,-361925.065963204,1
-1712450.57010069,-362549.532467454,1
-1712824.73754111,-362674.502640347,1
-1713325.06342001,-363800.795678992,1
-1713699.95292985,-363800.26927279,1
-1713950.46111338,-364299.967095835,1
-1714449.7778926,-364425.185379929,1
-1715199.98954651,-365425.001067901,1
-1714700.11394625,-367799.701824364,1
-1713699.72216546,-369674.674922254,1
-1713699.97546659,-372924.797167422,1
-1714324.93217919,-374175.089467512,1
-1714699.68924197,-374549.680655014,1
-1715199.7424393,-374675.181317317,1
-1715825.57233814,-375174.803749932,1
-1716200.92050448,-375925.479691647,1
-1713450.30623747,-381924.796636101,1
-1713075.23475634,-386799.766160916,1
-1713949.83619425,-389424.425638987,1
-1714560.27042596,-391263.372578831,1
-1716414.0923182,-393152.569191765,1
-1717313.77124592,-393152.6351336,1
-1717763.36399835,-393604.143666947,1
-1719113.60375717,-393605.152497643,1
-1720013.2436433,-394056.036636508,1
-1723163.45448903,-394059.123650128,1
-1724062.34908901,-394510.1374684,1
-1726313.06457545,-394512.345710884,1
-1726763.55573705,-394061.773911736,1
-1728563.41626553,-394063.773111306,1
-1729014.23017138,-393614.373648672,1
-1730364.3494534,-393615.408938603,1
-1730814.2504106,-393165.121883416,1
-1733064.39300821,-393167.632115422,1
-1733963.97825598,-393618.380875015,1
-1734413.69140663,-394069.21910003,1
-1736213.57071924,-394070.704840994,1
-1738012.72726291,-394972.611452533,1
-1738402.4068213,-395904.990699034,1
-1738291.26211211,-398063.635287283,1
-1739638.52084139,-400765.956978558,1
-1740087.85373217,-400766.014933725,1
-1740987.00437704,-401667.449539912,1
-1746387.20252797,-401672.263381019,1
-1747798.34652007,-402355.699684119,1
-1749061.29291381,-401012.162988292,1
-1749148.43397738,-400183.08512952,1
-1749700.69063367,-399800.133177753,1
-1749199.72064151,-398799.54821594,1
-1749825.27019672,-397800.094091595,1
-1749825.46124405,-396924.929698886,1
-1750700.10462282,-396175.336948633,1
-1751200.09265081,-394175.048246413,1
-1750950.11411371,-392800.09777464,1
-1751324.98147407,-391799.745937525,1
-1751074.18228741,-390424.654232104,1
-1751324.91364646,-387799.441973219,1
-1750950.6816685,-386425.36604085,1
-1751324.90614834,-383549.81139198,1
-1752200.27479021,-381300.061933492,1
-1752200.38165923,-380049.104108116,1
-1751823.72899945,-379300.188036163,1
-1752200.00391342,-377550.122208167,1
-1751825.30779129,-376924.589473175,1
-1751825.12600735,-374300.15463818,1
-1751449.64469486,-373799.522888764,1
-1751824.73168982,-371675.330831686,1
-1751450.3644539,-371174.779449589,1
-1751449.88400404,-370049.932528322,1
-1750825.29752711,-369300.385757865,1
-1750949.61518729,-368300.022580854,1
-1749450.01129103,-366675.075754853,1
-1749075.10876474,-366675.274656845,1
-1748949.97304961,-365300.409841158,1
-1747699.18926633,-363550.117734475,1
-1747699.74208755,-362799.58937707,1
-1748700.73072168,-361050.141238336,1
-1748951.09879116,-359550.035312724,1
-1749336.29954684,-358370.344142973,1
-1749604.55706014,-357433.458541662,1
-1750480.22728222,-356308.120347885,1
-1750776.63147845,-354887.215835206,1
-1751689.38928011,-353332.082977924,1
-1756239.55538154,-353406.569065778,1
-1755969.85981706,-352652.25997231,1
-1754804.49460164,-351744.958251836,1
-1756380.97173216,-352578.526621233,1
-1756477.52825168,-352269.203910624,1
-1756875.47794648,-352279.903078579,1
-1757111.69833915,-352602.540789534,1
-1757434.13865963,-353204.062602162,1
-1757967.38017708,-354072.853857337,1
-1758313.65314353,-354716.872639627,1
-1758643.16245054,-354779.020629479,1
-1759543.1810819,-355678.485146386,1
-1760063.27515189,-356357.816609953,1
-1760442.82753722,-357029.720813001,1
-1760742.07507344,-357690.803594624,1
-1761509.9599681,-358424.162692319,1
-1762365.44117164,-358635.426018602,1
-1763357.96388884,-359455.349165924,1
-1763913.3943716,-359657.803476042,1
-1764636.26722822,-360426.613817373,1
-1765156.51224562,-361255.823912872,1
-1765475.78862569,-362348.260768561,1
-1766118.67967994,-364476.513006241,1
-1767654.02386291,-364962.200893408,1
-1768695.33578341,-365967.431080846,1
-1769144.99025608,-365709.916567901,1
-1769595.17386924,-366159.754318376,1
-1770494.82490136,-366161.032662178,1
-1770944.92740264,-366611.183294257,1
-1772676.22831374,-366859.670891655,1
-1774544.35191038,-366613.17131071,1
-1775206.83951253,-366834.35990441,1
-1776213.48827538,-366516.850274595,1
-1776795.63313026,-365713.778383937,1
-1777245.39639194,-365714.587945948,1
-1777695.43694692,-365829.712511553,1
-1778904.68261143,-366231.555125579,1
-1779768.70877433,-366850.085689052,1
-1780668.25249444,-367300.491098642,1
-1781629.52411485,-367796.336940598,1
-1782422.33964506,-368005.37890311,1
-1783146.31144837,-368349.318353031,1
-1783631.08765228,-368560.584040008,1
-1785232.45777248,-369593.801931036,1
-1785820.06616306,-370068.994860614,1
-1786075.14427348,-372425.279793512,1
-1786699.5336263,-373425.454504968,1
-1787074.87588262,-373424.428228062,1
-1787450.1689734,-373799.952265056,1
-1787824.54038143,-375425.01622389,1
-1786699.91558135,-378800.141898156,1
-1785075.0393661,-380300.020048632,1
-1784700.05639057,-384549.990886767,1
-1783825.10838722,-385800.362115724,1
-1783575.12018822,-387050.185085247,1
-1782574.86108068,-388174.464283044,1
-1782324.68084992,-390675.207694409,1
-1780700.39349259,-392299.738717166,1
-1780075.29421801,-393550.076096722,1
-1779449.97182427,-398425.176340962,1
-1779575.40936666,-401424.530186867,1
-1779074.60951912,-402175.019619918,1
-1779074.89413557,-402925.152751035,1
-1779699.75798645,-404174.981757919,1
-1780199.82619163,-407424.612431642,1
-1780824.77680304,-407925.015315302,1
-1781200.66199951,-407674.635091074,1
-1781699.74074389,-407799.848139829,1
-1782199.74910897,-408175.03491321,1
-1782574.81705186,-408424.818145999,1
-1783324.64287494,-409050.516856027,1
-1783825.18376248,-410299.612352278,1
-1784200.11402105,-410424.87403987,1
-1784700.24941067,-410424.821012964,1
-1785200.15645798,-410674.940229217,1
-1785450.07021489,-410924.688413217,1
-1785450.46045634,-411424.48853987,1
-1785700.05621945,-411675.321493097,1
-1786075.15112046,-411799.867596427,1
-1786575.33845421,-411799.94323549,1
-1786825.11860623,-412049.959906889,1
-1787574.45953245,-413175.486966633,1
-1787699.74443609,-414675.191732943,1
-1788699.95690114,-415549.79976083,1
-1789198.99545099,-416549.721917701,1
-1789700.32835168,-416549.869912246,1
-1789949.72702243,-416799.882610319,1
-1790574.56465405,-416799.59485447,1
-1791075.60143133,-416924.268707608,1
-1792074.95609851,-418050.535211179,1
-1792554.09889459,-421978.890106252,1
-1793574.05768395,-423674.896299678,1
-1793949.80443046,-423925.070953939,1
-1794575.22812193,-424425.098595107,1
-1794950.02429973,-424800.454697901,1
-1795450.22575031,-425050.120748532,1
-1796449.62927054,-425050.273172067,1
-1796824.56686615,-425425.002434608,1
-1797200.3474813,-425425.015199161,1
-1797575.31875432,-425049.710338913,1
-1798324.96873201,-425175.389392882,1
-1798574.65834846,-424924.907397844,1
-1800074.83880164,-424800.548133236,1
-1800699.91839929,-424174.566019492,1
-1801199.91880263,-424300.447488337,1
-1801574.49543399,-424050.415566356,1
-1802199.96625597,-424175.349486694,1
-1802575.83773062,-424300.295449073,1
-1802700.8175168,-424799.947906099,1
-1803199.88486618,-424549.567773878,1
-1803699.92539899,-424675.410196037,1
-1804325.34904933,-425549.995188313,1
-1804824.88181287,-425799.733612189,1
-1805074.74853017,-426049.498868244,1
-1805700.34980216,-426800.324197986,1
-1806574.67444434,-426549.808924558,1
-1808075.18889122,-426550.289636609,1
-1808324.61389029,-426174.991701849,1
-1808824.90927214,-426300.016942774,1
-1809449.64667384,-426424.873125152,1
-1809950.0266948,-426675.082820773,1
-1811076.25818228,-427300.035498078,1
-1811200.13345909,-427925.073028672,1
-1811825.13472448,-428549.615868982,1
-1812325.37008728,-428675.071318285,1
-1812449.9495688,-429174.499825588,1
-1812824.75141018,-429175.556059385,1
-1813075.31198709,-429675.464407518,1
-1813700.13199733,-430050.04951848,1
-1814825.39012913,-430174.947889787,1
-1815075.12063418,-430674.254195601,1
-1815699.95706172,-430549.768919469,1
-1816074.9096602,-431049.42022843,1
-1816450.8390152,-431174.418244799,1
-1816700.0979388,-431675.180269769,1
-1817824.8803958,-431674.45470274,1
-1818325.93624977,-431675.782882268,1
-1819324.70728714,-432674.5580481,1
-1819950.20423972,-433049.667107959,1
-1820825.91880132,-433050.022785459,1
-1821325.07131688,-433550.043431336,1
-1821824.95889293,-433425.011986825,1
-1822325.04376212,-433800.385431497,1
-1822824.67043218,-434049.613437564,1
-1823199.91131054,-434049.69084724,1
-1823450.22849119,-434300.175594625,1
-1823824.65793849,-434300.047816583,1
-1824450.22178697,-434674.92714214,1
-1824574.26372129,-435049.56374633,1
-1824950.10479521,-435175.134206014,1
-1825449.79935342,-435799.89187418,1
-1825826.2523072,-436174.508719488,1
-1826950.30803142,-436175.60219649,1
-1827950.09330127,-436175.547086121,1
-1828575.34910904,-435675.235129081,1
-1830324.72906157,-435049.580296747,1
-1831074.98992898,-435300.037612271,1
-1832074.77862632,-435050.09660249,1
-1832074.46709247,-435425.268294397,1
-1832449.65137797,-435425.759331694,1
-1832825.10840905,-435300.461724271,1
-1833449.49687799,-435300.20218272,1
-1833949.57100384,-434675.010669314,1
-1834700.01966706,-434800.241218298,1
-1835075.15210908,-434300.765599259,1
-1835449.83083169,-434424.540466347,1
-1835950.27507678,-434425.26600536,1
-1836074.74458036,-434049.916676309,1
-1837103.07061034,-433741.856904873,1
-1838591.83924572,-433049.401168034,1
-1839825.45681102,-430425.630322898,1
-1840574.97030369,-430174.989676401,1
-1841450.11126865,-429299.76090666,1
-1842325.75039467,-429174.905275447,1
-1842825.00984189,-428049.617487056,1
-1843825.1325321,-427799.611406106,1
-1844199.94031646,-427424.918092251,1
-1846063.63625739,-423789.000303286,1
-1845952.26903597,-422465.846767574,1
-1845326.96640454,-421216.117408516,1
-1845325.04885255,-419925.255472732,1
-1839452.17465253,-420140.412316581,1
-1832261.22537303,-420111.061503195,1
-1827946.65580533,-418731.573274067,1
-1823866.89274472,-419289.238728396,1
-1818935.95609592,-419113.133848081,1
-1815942.17313058,-418526.117580367,1
-1812654.88203138,-417234.681791397,1
-1809132.7844251,-414769.213466998,1
-1803908.33964245,-407607.615000887,1
-1802440.79897316,-401678.750696976,1
-1802205.99246607,-397804.443330064,1
-1801149.36318419,-394986.765245037,1
-1799888.43916443,-392367.923050159,1
-1799623.12088813,-391816.877399381,1
-1799505.71763459,-386064.117975784,1
-1799505.71763459,-381602.794341158,1
-1800327.54040939,-378667.713002588,1
-1801340.1434712,-374720.028602212,1
-1803101.19227434,-374250.41558804,1
-1803819.86136295,-371571.739894136,1
-1805038.34595779,-367030.115495158,1
-1806623.28988062,-360749.041430619,1
-1807562.51590897,-357285.645451106,1
-1807679.91916251,-355289.790140879,1
-1808208.23380345,-353293.934830651,1
-1809734.47609951,-348597.804688939,1
-1811612.92815619,-344664.795695256,1
-1811495.52490265,-339146.842778744,1
-1809440.96796565,-332278.752446491,1
-1809323.56471211,-326878.202783522,1
-1810086.68586014,-324941.049100066,1
-1812493.45255776,-319129.588049698,1
-1813784.88834673,-314668.264415071,1
-1812669.55743808,-309678.626139503,1
-1810732.40375462,-303632.358582049,1
-1810145.38748691,-298994.930067108,1
-1810260.03980193,-292681.59111266,1
-1808617.41999051,-284245.715040709,1
-1807653.81905642,-279557.661106366,1
-1803583.24526896,-279500.215904248,1
-1797759.34423814,-269350.608547552,1
-1790245.5360114,-261601.993813728,1
-1786488.63189803,-256905.863672016,1
-1779796.64644609,-246691.780613793,1
-1774630.90329021,-239647.585401225,1
-1772048.03171227,-236360.294302027,1
-1767117.09506347,-232368.583681571,1
-1759485.88358319,-227202.840525688,1
-1748684.78425725,-220393.451820206,1
-1745343.90380154,-217581.819753521,1
-1736827.05564943,-210414.175269069,1
-1730135.07019749,-201961.141013987,1
-1728139.21488726,-195973.575083305,1
-1727996.69211389,-191341.584948735,1
-1731793.39115378,-185950.272312089,1
-1735902.50502778,-174209.94695781,1
-1742359.68397263,-163643.654138958,1
-1747290.62062143,-148146.424671309,1
-1752925.97679149,-135232.066781602,1
-1755039.23535526,-122787.321906066,1
-1755039.23535526,-112925.448608471,1
-1748464.65315686,-85218.2807723712,1
-1747525.42712852,-62207.2430779834,1
-1744707.74904349,-35439.3012702261,1
-1749638.68569229,-16185.1676892077,1
-1747055.81411435,-7497.3269270409,1
-1742594.49047972,6825.8700051801,1
-1735315.48876007,16452.9367956893,1
-1722401.13087036,26549.6166003697,1
-1711365.22503734,41577.2330538474,1
-1698450.86714763,64118.6577340641,1
-1690702.2524138,72102.0789749742,1
-1680733.8490831,83108.8576526292,1
-1679431.5400737,84546.8238505104,1
-1666751.98869107,94643.5036551908,1
-1655122.51708327,103070.244142471,1
-1646955.33843267,96689.6358216958,1
-1625771.7188077,85714.9895099633,1
-1597697.04219629,79079.1568563575,1
-1588253.74188155,78058.2595250336,1
-1564773.1032611,81120.9515190055,1
-1548183.52162708,83417.9705144844,1
-1539761.11864366,79844.8298548505,1
-1535677.52931836,74740.3431982307,1
-1516724.77343641,47750.8398352042,1
-1504031.59138272,30423.9644904209,1
-1489228.58007853,14855.2801877305,1
-1479783.40042838,5574.5490010325,1
-1471616.22177778,-4379.1999793762,1
-1460131.12680039,-15864.2949567707,1
-1450432.60215281,-20458.3329477285,1
-1438977.76579854,-26993.9930549415,1
-1425450.8761585,-31332.8067130683,1
-1412434.43518412,-36947.7420353501,1
-1390485.14256066,-46391.0423500967,1
-1373513.6640951,-51527.6669652457,1
-1361007.67178638,-55100.8076248796,1
-1351464.19892524,-56197.1979251593,1
-1336198.88548926,-54902.0346897752,1
-1327054.16451777,-53582.5580151936,1
-1307916.6278035,-50444.8105941303,1
-1295237.72533003,-45102.3702052254,1
-1274687.08885728,-26011.4307980411,1
-1259330.89654504,-3169.3890883094,1
-1248224.07817637,5962.1192798873,1
-1233957.06452513,12784.7513547398,1
-1215288.84342411,18212.8872557748,1
-1199482.27679275,20955.8926299617,1
-1187659.17949028,23095.994069086,1
-1177799.74786163,10235.1765904095,1
-1170751.20409358,2808.6314533237,1
-1128655.41546753,-24430.7124430782,1
-1111520.70115951,-34427.8164339134,1
-1089148.36938668,-51676.9861171336,1
-1059379.77765024,-73414.563007055,1
-1041226.71206071,-86735.3749197616,1
-1020634.82566543,-111828.644101223,1
-1014410.31099395,-122776.384532191,1
-1003718.69410521,-133537.681089366,1
-1001191.66721095,-136613.588637303,1
-999721.994080941,-139211.602936535,1
-999410.804785056,-142972.54978495,1
-997476.963326558,-155037.021610423,1
-1000084.87769469,-166373.720131229,1
-1008363.35816338,-181107.388103542,1
-1013599.08566891,-190303.042567962,1
-1022809.81841554,-202239.973741243,1
-1036932.96538761,-220009.289342356,1
-1054226.20213105,-239210.07654873,1
-1066680.14782558,-261269.538148273,1
-1076617.98090372,-278705.916220963,1
-1078496.4329604,-287819.863532716,1
-1081135.38630957,-296736.476702972,1
-1083832.51731439,-311106.117697618,1
-1088495.29667626,-359709.578815292,1
-1087370.60230127,-403501.912467552,1
-1086207.57532864,-448786.806181085,1
-1088086.02738532,-466632.100719588,1
-1098887.12671126,-486355.847314775,1
-1115323.58220725,-527681.792561834,1
-1131760.03770324,-582156.902205685,1
-1144439.58908586,-611272.909084295,1
-1159467.20553933,-651190.01528884,1
-1170737.91787944,-697916.510198868,1
-1188793.52836129,-752100.128561151,1
-1198351.23207465,-770439.051130333,1
-1204524.81961175,-781933.54761769,1
-1208093.42730139,-807102.953810277,1
-1209309.37997879,-827233.944488405,1
-1207088.05669493,-848425.451726042,1
-1201967.18332183,-859698.19358083,1
-1212360.74080214,-852247.353606782,1
-1224173.19024343,-842044.008846584,1
-1240013.17517306,-840378.020669656,1
-1244474.49880769,-842960.892247598,1
-1248466.20942814,-848361.441910566,1
-1251753.50052734,-851648.733009764,1
-1255275.59813362,-850005.087460165,1
-1262319.79334619,-842960.892247598,1
-1264667.85841705,-831690.17990749,1
-1265484.32950517,-828652.90745966,1
-1266433.07163429,-825123.586739347,1
-1270538.02109419,-809853.174748531,1
-1272181.66664379,-793768.929013168,1
-1275838.76175869,-786419.268613384,1
-1280093.68677688,-782063.11744021,1
-1291083.59046418,-771344.907586496,1
-1304584.9646216,-763361.486345586,1
-1309490.84015862,-758708.681977871,1
-1313742.41839793,-753030.00003382,1
-1319612.58107507,-753030.00003382,1
-1329709.26087975,-750212.321948793,1
-1337692.68212066,-749390.499173993,1
-1345910.90986866,-749507.902427536,1
-1352602.8953206,-751151.547977135,1
-1361408.13933631,-753734.419555077,1
-1368687.14105596,-759252.372471588,1
-1381718.90219921,-768409.826247925,1
-1389584.92018658,-772049.327107752,1
-1399329.39023063,-773692.972657351,1
-1406725.79520382,-770288.27830461,1
-1411421.92534554,-767353.19696604,1
-1417409.49127622,-763361.486345585,1
-1418864.08446815,-761709.660178476,1
-1422763.81804694,-757281.149165276,1
-1424336.28323524,-755495.468358218,1
-1427740.97758798,-744342.159271653,1
-1432437.1077297,-736476.141284286,1
-1441946.77126666,-722270.347605609,1
-1450986.82178946,-717574.217463897,1
-1458970.24303037,-716634.991435555,1
-1467775.48704608,-716987.201196183,1
-1481394.26445704,-712995.490575728,1
-1489671.19383181,-708827.675074959,1
-1497537.21181917,-707301.432778903,1
-1503818.28588371,-703368.423785219,1
-1506048.94770103,-699611.51967185,1
-1509218.83554668,-694387.074889196,1
-1509703.53070129,-694810.221452745,1
-1512917.03803328,-697615.664361623,1
-1516086.92587893,-698730.995270279,1
-1529177.38864895,-697556.962734851,1
-1539684.97984103,-697556.962734851,1
-1544146.30347566,-698907.100150593,1
-1548255.41734966,-699905.027805707,1
-1550712.05896887,-702720.303237942,1
-1556297.54021734,-709121.183208816,1
-1559995.74270394,-712878.087322185,1
-1561463.28337322,-716634.991435555,1
-1565572.39724722,-720039.685788296,1
-1570972.94691019,-722563.855739466,1
-1574788.55265033,-724559.711049693,1
-1577430.12585504,-726438.163106378,1
-1577195.31934796,-734333.53190713,1
-1576432.19819993,-736652.2461646,1
-1574231.95328583,-738714.989892805,1
-1578502.55258937,-738591.427054869,1
-1579687.24859446,-738025.123998446,1
-1581040.29754211,-737856.157418272,1
-1581696.52456082,-737675.669018017,1
-1582353.32539364,-737535.292926757,1
-1583150.33678592,-737432.47864499,1
-1584373.27489434,-737369.233508761,1
-1584397.7875105,-736776.895088803,1
-1585298.59705198,-736327.665546685,1
-1586648.50565019,-736328.544402838,1
-1587303.56128526,-737473.732557508,1
-1587997.48665719,-737679.429774792,1
-1589169.51810033,-737011.568705868,1
-1590249.7165131,-735880.220686908,1
-1591149.43384007,-735880.896081269,1
-1592049.26438635,-736332.051412064,1
-1592705.22443325,-736990.38954104,1
-1593322.09618649,-737027.985945957,1
-1594299.34505587,-736783.69401203,1
-1594749.02464992,-736783.291161541,1
-1597015.10510798,-735069.524057271,1
-1597766.70769628,-733738.357008985,1
-1598296.2250768,-732182.499140357,1
-1597897.14994944,-731273.447195521,1
-1597794.13675366,-730657.204768462,1
-1598192.71667342,-730335.733161891,1
-1598579.32174633,-730273.346507898,1
-1599414.93660655,-730003.442743427,1
-1600701.52271644,-729308.511866077,1
-1601510.95304068,-728408.125915238,1
-1602615.37274564,-728023.603490877,1
-1603516.4177693,-727573.796160605,1
-1605085.08441775,-727289.835243801,1
-1606950.04653097,-726094.268712163,1
-1607786.86977455,-725114.228471729,1
-1608675.08507101,-724980.891445362,1
-1609344.65791771,-723744.822634167,1
-1609434.45696353,-722953.867816254,1
-1609163.11805305,-722083.417274498,1
-1607949.51500517,-720549.767474369,1
-1607450.2510496,-719549.956706654,1
-1607324.87079413,-718174.723007134,1
-1607324.83056776,-717799.871825445,1
-1607949.9799556,-717049.991491467,1
-1608310.92505038,-715773.259183187,1
-1607950.08526369,-714675.416589707,1
-1607507.52607411,-714333.812118846,1
-1606968.3990709,-713748.376352614,1
-1605751.47158671,-713605.203096777,1
-1604626.3250582,-713605.204968109,1
-1604377.54335118,-713355.880955296,1
-1603450.1251406,-712924.916788672,1
-1603074.85060238,-712675.229927782,1
-1602699.76774837,-712549.886408695,1
-1601574.58077098,-711424.976659754,1
-1601325.02540561,-711175.242919227,1
-1600699.66985575,-710549.97546808,1
-1600372.91876162,-709833.335396428,1
-1599699.8687489,-708924.880331306,1
-1599454.00579028,-708557.764647687,1
-1599075.02612243,-708300.017463587,1
-1598692.39598717,-707730.149198956,1
-1598574.66463043,-707299.877717263,1
-1598574.58938308,-706424.930853195,1
-1597826.01682964,-706175.511282737,1
-1597574.69752985,-705925.095987152,1
-1597574.63438946,-705300.173061138,1
-1598450.15443234,-704550.135443402,1
-1598950.25258829,-702549.824113768,1
-1599575.14699132,-701925.00475121,1
-1599574.77472274,-701175.129027736,1
-1600450.00584887,-699674.964877223,1
-1600574.62821322,-697799.926390829,1
-1599957.49179022,-697208.578667045,1
-1599501.18822019,-697130.719996852,1
-1599074.93338805,-696300.418413548,1
-1598575.03528699,-696174.918363221,1
-1597824.72669201,-695424.993098976,1
-1597325.71848201,-694300.278659641,1
-1596699.57898913,-694300.129794016,1
-1596199.75742154,-693799.744769151,1
-1595177.68889602,-691970.886200686,1
-1594527.04826158,-690906.39706183,1
-1593700.33298622,-690550.135717265,1
-1593420.68416013,-690270.332088588,1
-1593121.37564924,-690169.443791577,1
-1592257.70331543,-690766.229599837,1
-1591257.29753058,-690765.812414787,1
-1591007.66753062,-690515.953093586,1
-1590601.1015231,-690480.448119259,1
-1590122.46711635,-690153.127899749,1
-1589872.8345319,-689778.117547048,1
-1589390.69549973,-689597.95034688,1
-1588824.80420475,-688799.954122248,1
-1588825.19733794,-688300.039780529,1
-1588449.63400857,-688175.022711909,1
-1588354.75453225,-687636.056238045,1
-1587990.81472175,-687100.742586908,1
-1587763.17640827,-686257.559546172,1
-1587919.92692038,-684924.13934414,1
-1587739.78357512,-683779.857507838,1
-1587650.43298958,-683021.088155061,1
-1587614.04647528,-679250.912329721,1
-1587039.35024327,-678022.838610019,1
-1587203.00013356,-677550.406192752,1
-1587337.4185359,-676451.332955798,1
-1587663.62423495,-675692.293602469,1
-1588189.6982016,-674329.732891057,1
-1589062.25579818,-672571.450242303,1
-1589289.45302805,-671779.503092688,1
-1589298.95584113,-670658.302217278,1
-1588890.57854,-669605.262939135,1
-1589540.35062573,-666680.004106818,1
-1590137.50329584,-662880.684348741,1
-1590416.74584725,-662431.152261102,1
-1591127.41289899,-662451.481818859,1
-1592159.62377681,-661756.027772575,1
-1592637.85842438,-660780.856786074,1
-1593139.9963391,-660341.338540695,1
-1594466.50677305,-655010.862841712,1
-1595229.58764329,-651517.440823296,1
-1595656.21477046,-650536.649401057,1
-1597039.5614729,-649277.652967454,1
-1598312.59635032,-647469.664602082,1
-1599103.31168054,-646039.836339101,1
-1599439.87581575,-644138.703310778,1
-1599824.53183231,-643174.631921831,1
-1598412.88427449,-643121.183980865,1
-1597421.92696012,-642329.546682833,1
-1595753.38740869,-641532.73347075,1
-1594734.21821451,-641196.018312303,1
-1594284.57592962,-641196.496600235,1
-1593834.08620284,-640746.580992115,1
-1593384.48867524,-640746.992739279,1
-1592205.40016228,-640136.154225946,1
-1591555.85113153,-639737.886496487,1
-1590850.21455953,-639316.21470118,1
-1589779.35983985,-638667.046524676,1
-1589244.16358222,-638217.338257641,1
-1587883.49819473,-637050.768305184,1
-1585928.32931258,-635323.144303446,1
-1584972.19080857,-634219.179314877,1
-1583694.07156256,-632287.274272172,1
-1583210.99405508,-631501.027738309,1
-1582902.5360911,-630823.229201968,1
-1582390.00659082,-629420.886346293,1
-1581911.96302899,-627577.443926605,1
-1582225.38462021,-626225.285395022,1
-1581860.66330378,-624243.936089389,1
-1581366.65830196,-621343.872885377,1
-1581658.50493984,-618972.459161079,1
-1581130.00373946,-618262.152893212,1
-1580656.5388379,-618205.629023216,1
-1579249.49631658,-618814.071539884,1
-1578353.90057987,-619445.472614246,1
-1577859.7937569,-620417.14128468,1
-1576900.97203045,-620247.912314295,1
-1576270.89666415,-620065.764707641,1
-1575846.0315504,-620484.122479641,1
-1575803.52593079,-620891.316704723,1
-1575928.12348747,-621470.171670812,1
-1575653.79285718,-622335.345930706,1
-1575316.45023833,-623007.555171,1
-1575117.93489636,-624807.831067953,1
-1575094.52928947,-625712.882081221,1
-1574639.03248329,-626643.824483321,1
-1574588.28625854,-628061.414433682,1
-1574332.29012837,-629212.250559046,1
-1573812.09015936,-630249.051137267,1
-1572495.40823123,-630903.399257068,1
-1570656.47548952,-630954.873803245,1
-1568179.94671233,-630585.545303896,1
-1566612.22915626,-630590.159637099,1
-1565706.706419,-630225.912390408,1
-1564778.40389566,-630112.549639374,1
-1563707.5334482,-629894.766521209,1
-1562266.72020749,-628818.531481374,1
-1561618.44579655,-628563.15597978,1
-1559432.25913683,-627242.400314074,1
-1558908.84620764,-625273.260205819,1
-1557605.41068029,-623369.552181736,1
-1556234.01554787,-622297.140667424,1
-1555969.40843127,-621786.669777647,1
-1554824.37492151,-620783.658767513,1
-1554140.94936629,-619451.484027112,1
-1553889.74909448,-618518.741869117,1
-1553639.95474595,-617618.038895156,1
-1553640.20503055,-617167.546658777,1
-1552848.57281412,-616206.543366872,1
-1552678.02348217,-615756.004176177,1
-1551435.74500667,-615368.063395915,1
-1551104.04866525,-614655.713629588,1
-1551807.42402289,-613543.161436816,1
-1551605.63959021,-612759.673661034,1
-1551255.6851056,-611882.333474564,1
-1550471.58886213,-611925.938668792,1
-1549774.13013468,-612420.233734879,1
-1549362.49176915,-612509.704645871,1
-1548911.76804196,-612509.913071101,1
-1548462.00823651,-612060.498083446,1
-1546866.28261554,-611292.103801284,1
-1545876.36698146,-611429.31292519,1
-1545490.73811776,-611310.820564,1
-1544535.0669391,-609955.47790594,1
-1544067.64482095,-609915.633126893,1
-1542837.77847924,-609178.334364928,1
-1541959.1478046,-608288.22008086,1
-1541501.35479264,-608132.294750123,1
-1540907.68181871,-608162.252041866,1
-1540378.79910574,-608454.961012629,1
-1539324.78810145,-609565.842297018,1
-1538698.11948034,-609817.850816966,1
-1538100.43215798,-609872.953396079,1
-1537498.99553489,-609999.124213152,1
-1536790.2975559,-608522.425663473,1
-1535880.00583002,-607702.584272322,1
-1535116.82250504,-607337.965925423,1
-1535033.64105978,-603663.51864969,1
-1535118.9892472,-602220.255620427,1
-1534901.7639181,-601035.120656953,1
-1534828.29226485,-599190.680234122,1
-1533285.21664212,-595532.077844692,1
-1532695.94688582,-594003.049499176,1
-1532530.58356928,-593055.414526579,1
-1532820.90518152,-592328.022981785,1
-1533289.28410791,-591416.712000042,1
-1533828.54573519,-590722.981469565,1
-1534144.50661594,-590218.882724753,1
-1533878.70235355,-589775.91758984,1
-1533498.00200516,-589469.724002592,1
-1533415.27922424,-588895.453116247,1
-1533727.91601678,-588532.575366261,1
-1534129.8558331,-589268.100608024,1
-1534145.17838525,-589642.679573989,1
-1534509.20014032,-589674.329773865,1
-1535831.44576684,-588979.171392626,1
-1536582.15799806,-588030.296534594,1
-1536959.68862958,-586629.309483992,1
-1537364.19832547,-586216.901652643,1
-1537807.0850283,-586032.347706283,1
-1538879.56851757,-585965.889587268,1
-1540036.87650342,-585944.051040979,1
-1541048.51536254,-585788.022616129,1
-1541671.63605227,-585939.835342078,1
-1542408.56088296,-586183.719029304,1
-1543428.61404414,-586147.585601368,1
-1544226.07750423,-585875.713754586,1
-1545444.72376706,-585234.017869588,1
-1546565.04333281,-585234.222499105,1
-1547258.57311075,-585233.114918464,1
-1548767.66857075,-585646.918877839,1
-1549928.57083541,-585603.777394327,1
-1550257.74404007,-585273.852827662,1
-1551245.28609819,-583166.664908529,1
-1552236.75504362,-582046.592317562,1
-1553944.52166969,-579921.309123883,1
-1555225.13829495,-578812.399810428,1
-1556079.40303378,-578294.707027352,1
-1555047.09697233,-578113.468663287,1
-1553926.81278418,-577871.381395838,1
-1552466.72883494,-577703.181966735,1
-1551192.39822922,-577183.926378929,1
-1551727.31219526,-576759.989369742,1
-1554348.5250767,-576453.484426662,1
-1553955.95333019,-575689.555505079,1
-1554285.50410502,-575102.031892896,1
-1555357.42196422,-575013.118791172,1
-1556733.2517577,-575594.479332157,1
-1559850.82627322,-575859.838463996,1
-1568298.28987363,-575378.348027269,1
-1568918.54145063,-574874.757804011,1
-1569742.67749016,-575405.943400169,1
-1571594.66060789,-575399.002097166,1
-1571377.1553036,-572687.038376269,1
-1571471.02040518,-569544.530106529,1
-1572884.78310267,-569842.458703413,1
-1574319.56714417,-568000.623493246,1
-1573809.03706159,-567506.920763382,1
-1574690.2805165,-566779.946443864,1
-1573771.17637393,-564566.356131197,1
-1573340.21222882,-564080.018188295,1
-1572889.61755787,-563630.121246686,1
-1572328.3756714,-562859.301460785,1
-1570639.78057056,-560480.137164615,1
-1571491.0415654,-559099.971880045,1
-1570228.76587954,-557093.625914035,1
-1570096.30387974,-555761.33618266,1
-1569105.83649363,-554164.974384104,1
-1568398.66358055,-552597.672565574,1
-1565563.33232813,-550876.22182468,1
-1562653.60752998,-551003.038878509,1
-1562203.29483402,-551453.362385578,1
-1561303.21751487,-551452.698652155,1
-1560852.80314139,-551902.419328086,1
-1559502.00272299,-551901.426526688,1
-1559051.9980751,-552351.477193876,1
-1557251.93770319,-552350.505066209,1
-1555900.95576412,-552799.811134527,1
-1555413.0203193,-551404.694360918,1
-1554113.65801869,-548162.704723274,1
-1553212.7906735,-546813.560679537,1
-1553089.52485818,-546080.198791064,1
-1552639.30531812,-545630.138062635,1
-1552640.09549444,-543830.440772345,1
-1552189.71866402,-543379.869264782,1
-1552190.22150685,-542030.076291024,1
-1551740.17036598,-541580.372965532,1
-1551739.90591941,-540680.146843919,1
-1551937.24519828,-539848.029001013,1
-1550839.39689732,-538880.089266139,1
-1550537.48919519,-539034.160658523,1
-1548794.72134963,-538411.351422661,1
-1548139.94019448,-535729.732004856,1
-1547239.79379094,-533930.210970192,1
-1546789.84601913,-533479.924234712,1
-1545889.63702423,-533029.868379478,1
-1545439.50592941,-532579.953474846,1
-1545162.02679023,-531846.14222677,1
-1541543.44844436,-528978.896920998,1
-1540915.32100712,-529540.275308345,1
-1541401.95655039,-532170.327338418,1
-1540861.41625419,-534445.688096313,1
-1540861.1025946,-535345.881043961,1
-1540410.97928718,-535796.445103314,1
-1540410.3805197,-538498.053147747,1
-1539960.11618821,-538948.234460129,1
-1539059.49165696,-538947.752185402,1
-1538609.63179016,-539398.419696608,1
-1534639.63871608,-539661.276841138,1
-1532824.46835499,-540300.05175228,1
-1532324.92488479,-540049.647216016,1
-1531824.90962147,-539924.789018115,1
-1531575.15412256,-539675.350564323,1
-1530949.95610558,-539675.064786761,1
-1529700.32803422,-537175.313002268,1
-1529200.12165175,-536674.875703846,1
-1528825.02414457,-536550.551502614,1
-1528824.6716389,-536050.193300947,1
-1528450.11477718,-535674.786797466,1
-1528325.12923493,-533799.967199278,1
-1527699.66756566,-533674.635732625,1
-1527281.01242798,-534169.825426037,1
-1526949.87124232,-533425.027246831,1
